policy,seed,thr,pwr,eff,lat95,jain,mig,inv,thr_s,pwr_s,eff_s
Always-P,0,0.515,4.52,0.88496,16.40213,0.99997,0.0,25.93218,0.51613,4.52,0.88496
Always-P,1,0.51108,4.52,0.88496,16.29506,0.99972,0.0,26.18136,0.50832,4.52,0.88496
Always-P,2,0.51651,4.52,0.88496,16.28441,0.99992,0.0,25.79385,0.52476,4.52,0.88496
Always-P,3,0.51444,4.52,0.88496,16.77744,0.99946,0.0,25.67209,0.50075,4.52,0.88496
Always-P,4,0.51387,4.52,0.88496,15.97619,0.99976,0.0,26.11358,0.52012,4.52,0.88496
Always-P,5,0.51878,4.52,0.88496,16.12691,0.99947,0.0,25.80162,0.5122,4.52,0.88496
Always-P,6,0.51575,4.52,0.88496,16.59724,0.99996,0.0,25.97784,0.5122,4.52,0.88496
Always-P,7,0.51993,4.52,0.88496,16.30493,0.99965,0.0,25.60445,0.51783,4.52,0.88496
Always-P,8,0.51726,4.52,0.88496,16.46539,0.99938,0.0,25.52957,0.51275,4.52,0.88496
Always-P,9,0.51726,4.52,0.88496,16.70253,0.99986,0.0,25.87046,0.5184,4.52,0.88496
Always-P,10,0.51425,4.52,0.88496,15.91459,0.99984,0.0,26.1725,0.50505,4.52,0.88496
Always-P,11,0.51783,4.52,0.88496,16.71813,0.99939,0.0,25.62872,0.50942,4.52,0.88496
Always-P,12,0.51538,4.52,0.88496,16.43128,0.99977,0.0,25.90421,0.5167,4.52,0.88496
Always-P,13,0.51127,4.52,0.88496,15.81096,0.99955,0.0,25.98518,0.50723,4.52,0.88496
Always-P,14,0.51462,4.52,0.88496,16.34672,0.99963,0.0,25.87699,0.50289,4.52,0.88496
Always-P,15,0.51481,4.52,0.88496,16.32414,0.99974,0.0,25.91716,0.5167,4.52,0.88496
Always-P,16,0.51764,4.52,0.88496,16.45614,0.99994,0.0,25.9121,0.52535,4.52,0.88496
Always-P,17,0.51053,4.52,0.88496,16.27831,0.99941,0.0,26.17374,0.5167,4.52,0.88496
Always-P,18,0.51145,4.52,0.88496,15.71783,0.99986,0.0,26.15233,0.51444,4.52,0.88496
Always-P,19,0.52166,4.52,0.88496,15.93888,0.99937,0.0,25.51513,0.50451,4.52,0.88496
Always-P,20,0.51707,4.52,0.88496,16.06096,0.99983,0.0,25.78831,0.52418,4.52,0.88496
Always-P,21,0.51519,4.52,0.88496,16.63948,0.99927,0.0,25.90028,0.50614,4.52,0.88496
Always-P,22,0.51538,4.52,0.88496,16.73078,0.99998,0.0,26.09144,0.51331,4.52,0.88496
Always-P,23,0.51936,4.52,0.88496,17.09532,0.99995,0.0,25.73141,0.5184,4.52,0.88496
Always-P,24,0.51594,4.52,0.88496,16.27563,0.99994,0.0,25.77927,0.51783,4.52,0.88496
Always-P,25,0.51275,4.52,0.88496,16.44523,0.99975,0.0,26.05494,0.51275,4.52,0.88496
Always-P,26,0.51993,4.52,0.88496,16.39085,0.99977,0.0,25.8447,0.5184,4.52,0.88496
Always-P,27,0.51556,4.52,0.88496,16.52447,0.99986,0.0,25.98341,0.51726,4.52,0.88496
Always-P,28,0.52012,4.52,0.88496,15.98173,0.99976,0.0,25.68126,0.52535,4.52,0.88496
Always-P,29,0.51764,4.52,0.88496,15.87463,0.99947,0.0,25.54127,0.53308,4.52,0.88496
Always-E,0,0.34835,1.72,1.57304,18.22459,0.94786,0.0,25.93218,0.34922,1.72,1.57352
Always-E,1,0.34543,1.72,1.57183,18.10562,0.94562,0.0,26.18136,0.34274,1.72,1.56803
Always-E,2,0.34974,1.72,1.5747,18.09379,0.94747,0.0,25.79385,0.35701,1.72,1.58215
Always-E,3,0.34844,1.72,1.57518,18.6416,0.94501,0.0,25.67209,0.33662,1.72,1.5633
Always-E,4,0.34773,1.72,1.57369,17.75132,0.94616,0.0,26.11358,0.35337,1.72,1.58002
Always-E,5,0.35208,1.72,1.5783,17.91879,0.9456,0.0,25.80162,0.34657,1.72,1.57358
Always-E,6,0.34902,1.72,1.57377,18.44138,0.94777,0.0,25.97784,0.34592,1.72,1.57064
Always-E,7,0.35291,1.72,1.57853,18.11659,0.94649,0.0,25.60445,0.35078,1.72,1.57534
Always-E,8,0.35086,1.72,1.57746,18.29488,0.9451,0.0,25.52957,0.34708,1.72,1.57415
Always-E,9,0.35046,1.72,1.57562,18.55836,0.94717,0.0,25.87046,0.35138,1.72,1.5763
Always-E,10,0.34795,1.72,1.57354,17.68287,0.94667,0.0,26.1725,0.34038,1.72,1.56734
Always-E,11,0.35134,1.72,1.57784,18.5757,0.94521,0.0,25.62872,0.34432,1.72,1.57184
Always-E,12,0.34898,1.72,1.57475,18.25698,0.94637,0.0,25.90421,0.35039,1.72,1.57704
Always-E,13,0.34573,1.72,1.57262,17.56773,0.94492,0.0,25.98518,0.34237,1.72,1.56973
Always-E,14,0.34848,1.72,1.57477,18.16303,0.94564,0.0,25.87699,0.33863,1.72,1.56598
Always-E,15,0.34854,1.72,1.57446,18.13794,0.94616,0.0,25.91716,0.35003,1.72,1.57543
Always-E,16,0.35066,1.72,1.5754,18.2846,0.94776,0.0,25.9121,0.35724,1.72,1.5814
Always-E,17,0.34522,1.72,1.57255,18.08701,0.94432,0.0,26.17374,0.35034,1.72,1.57685
Always-E,18,0.34558,1.72,1.57136,17.46425,0.94646,0.0,26.15233,0.34782,1.72,1.57237
Always-E,19,0.35456,1.72,1.58067,17.70986,0.94565,0.0,25.51513,0.34001,1.72,1.56733
Always-E,20,0.35034,1.72,1.57568,17.84551,0.94694,0.0,25.78831,0.35622,1.72,1.58044
Always-E,21,0.3492,1.72,1.5763,18.48832,0.94442,0.0,25.90028,0.34149,1.72,1.56906
Always-E,22,0.34865,1.72,1.57323,18.58976,0.94802,0.0,26.09144,0.34706,1.72,1.57236
Always-E,23,0.35208,1.72,1.57653,18.9948,0.94812,0.0,25.73141,0.35121,1.72,1.57554
Always-E,24,0.34921,1.72,1.57406,18.08403,0.94764,0.0,25.77927,0.35076,1.72,1.57525
Always-E,25,0.3468,1.72,1.57292,18.27247,0.94596,0.0,26.05494,0.34668,1.72,1.57235
Always-E,26,0.35281,1.72,1.57809,18.21206,0.94697,0.0,25.8447,0.35155,1.72,1.57706
Always-E,27,0.34903,1.72,1.5744,18.36052,0.94692,0.0,25.98341,0.35098,1.72,1.578
Always-E,28,0.35298,1.72,1.57825,17.75747,0.94696,0.0,25.68126,0.35711,1.72,1.58083
Always-E,29,0.35113,1.72,1.57749,17.63848,0.94542,0.0,25.54127,0.36397,1.72,1.58783
Random,0,0.72399,4.7756,1.1775,16.07815,0.98407,3.05,10.61054,0.71694,4.60295,1.20712
Random,1,0.7436,4.98658,1.16709,15.8543,0.98784,2.88333,10.16371,0.73778,5.0775,1.14339
Random,2,0.72492,4.91853,1.14141,15.73063,0.98671,2.88333,11.04918,0.74751,5.0449,1.12944
Random,3,0.7118,4.81673,1.14904,17.01374,0.98445,3.31667,11.35393,0.68649,4.7289,1.15961
Random,4,0.73046,4.99027,1.1394,15.42632,0.98634,3.13333,10.66877,0.68082,4.62025,1.13324
Random,5,0.74368,4.93813,1.16117,15.63204,0.98956,3.16667,9.83896,0.73712,5.0618,1.13725
Random,6,0.74328,5.04877,1.14179,16.53273,0.98892,2.8,9.79676,0.77613,5.2325,1.15838
Random,7,0.72503,4.87932,1.14318,15.55311,0.98618,2.93333,10.8851,0.72999,4.8825,1.1549
Random,8,0.72839,4.79972,1.17353,16.19152,0.98297,2.9,10.09606,0.73527,4.72035,1.21514
Random,9,0.75194,4.94413,1.17609,15.45793,0.98728,3.05,8.92274,0.74107,4.6845,1.22065
Random,10,0.74674,4.93227,1.17764,15.35036,0.98632,2.95,9.43904,0.71612,4.78345,1.18569
Random,11,0.74409,4.93037,1.16578,15.22244,0.98707,2.98333,9.72598,0.72631,4.81645,1.18406
Random,12,0.74397,4.91057,1.17587,16.18218,0.98164,3.03333,8.38194,0.74488,4.81705,1.1971
Random,13,0.69805,4.60415,1.18617,14.91867,0.97554,3.06667,11.5619,0.67044,4.2972,1.23036
Random,14,0.72821,4.8563,1.16552,14.89254,0.98346,3.05,10.41939,0.74566,4.9799,1.19098
Random,15,0.72109,4.92687,1.13719,15.91302,0.983,3.16667,10.74749,0.69354,4.6294,1.15978
Random,16,0.74155,4.93403,1.16137,14.96441,0.98738,2.91667,9.9641,0.72542,4.7895,1.15321
Random,17,0.71613,4.84102,1.15903,15.62264,0.98339,3.03333,10.81427,0.71468,4.7334,1.16886
Random,18,0.73035,4.97938,1.14712,14.47838,0.98575,2.91667,10.97339,0.69141,4.5519,1.18106
Random,19,0.7575,5.03492,1.15361,15.18531,0.98716,3.08333,8.68256,0.73261,4.97535,1.16745
Random,20,0.72501,4.79655,1.16928,15.58289,0.98197,2.8,10.17842,0.74849,4.95,1.15388
Random,21,0.72653,4.9035,1.15039,14.86373,0.98628,3.05,10.91076,0.70939,4.9549,1.13147
Random,22,0.76376,5.1471,1.15168,15.48517,0.98966,2.7,9.29573,0.76398,5.00735,1.18892
Random,23,0.72884,4.89477,1.14681,15.98757,0.98303,2.91667,10.00381,0.72583,4.851,1.15451
Random,24,0.71495,4.89143,1.13319,14.97987,0.97958,3.11667,10.93882,0.69917,4.7122,1.14611
Random,25,0.73965,4.97978,1.15869,15.49958,0.98763,3.23333,10.15446,0.75284,5.0179,1.17039
Random,26,0.72104,4.79493,1.15689,15.372,0.98252,2.81667,10.23481,0.74207,4.9971,1.14582
Random,27,0.70919,4.82355,1.14071,16.45315,0.98569,2.93333,11.15003,0.68884,4.6578,1.14364
Random,28,0.71231,4.86037,1.12708,15.45272,0.98386,3.05,11.17413,0.68395,4.6715,1.11476
Random,29,0.73342,4.8192,1.17601,15.64668,0.98692,3.35,9.74272,0.73621,4.5418,1.21629
Static-Label,0,0.54976,4.61,0.92625,1.95438,0.94013,0.0,24.86808,0.55097,4.61,0.92625
Static-Label,1,0.54558,4.61,0.92625,1.94162,0.93753,0.0,25.1183,0.54264,4.61,0.92625
Static-Label,2,0.55137,4.61,0.92625,1.94035,0.9406,0.0,24.72523,0.56018,4.61,0.92625
Static-Label,3,0.54916,4.61,0.92625,1.9991,0.93859,0.0,24.60153,0.53455,4.61,0.92625
Static-Label,4,0.54856,4.61,0.92625,1.90363,0.93892,0.0,25.04136,0.55523,4.61,0.92625
Static-Label,5,0.5538,4.61,0.92625,1.92159,0.94058,0.0,24.70419,0.54677,4.61,0.92625
Static-Label,6,0.55057,4.61,0.92625,1.97763,0.94041,0.0,24.89955,0.54677,4.61,0.92625
Static-Label,7,0.55503,4.61,0.92625,1.9428,0.94145,0.0,24.51367,0.55279,4.61,0.92625
Static-Label,8,0.55218,4.61,0.92625,1.96192,0.93973,0.0,24.43381,0.54737,4.61,0.92625
Static-Label,9,0.55218,4.61,0.92625,1.99017,0.94078,0.0,24.79027,0.5534,4.61,0.92625
Static-Label,10,0.54896,4.61,0.92625,1.89629,0.93931,0.0,25.09723,0.53914,4.61,0.92625
Static-Label,11,0.55279,4.61,0.92625,1.99203,0.93999,0.0,24.52875,0.54381,4.61,0.92625
Static-Label,12,0.55016,4.61,0.92625,1.95785,0.93964,0.0,24.82623,0.55157,4.61,0.92625
Static-Label,13,0.54578,4.61,0.92625,1.88394,0.93729,0.0,24.92199,0.54147,4.61,0.92625
Static-Label,14,0.54936,4.61,0.92625,1.94778,0.939,0.0,24.79534,0.53684,4.61,0.92625
Static-Label,15,0.54956,4.61,0.92625,1.94509,0.93932,0.0,24.84169,0.55157,4.61,0.92625
Static-Label,16,0.55258,4.61,0.92625,1.96082,0.94119,0.0,24.84332,0.56081,4.61,0.92625
Static-Label,17,0.54499,4.61,0.92625,1.93963,0.9367,0.0,25.10088,0.55157,4.61,0.92625
Static-Label,18,0.54598,4.61,0.92625,1.87284,0.93805,0.0,25.09845,0.54916,4.61,0.92625
Static-Label,19,0.55687,4.61,0.92625,1.89918,0.94165,0.0,24.40197,0.53856,4.61,0.92625
Static-Label,20,0.55198,4.61,0.92625,1.91373,0.94058,0.0,24.69804,0.55956,4.61,0.92625
Static-Label,21,0.54996,4.61,0.92625,1.98266,0.9386,0.0,24.81119,0.5403,4.61,0.92625
Static-Label,22,0.55016,4.61,0.92625,1.99354,0.94035,0.0,25.02218,0.54796,4.61,0.92625
Static-Label,23,0.55441,4.61,0.92625,2.03698,0.94206,0.0,24.65002,0.5534,4.61,0.92625
Static-Label,24,0.55077,4.61,0.92625,1.93931,0.94044,0.0,24.71453,0.55279,4.61,0.92625
Static-Label,25,0.54737,4.61,0.92625,1.95951,0.93838,0.0,24.98595,0.54737,4.61,0.92625
Static-Label,26,0.55503,4.61,0.92625,1.95304,0.94172,0.0,24.75137,0.5534,4.61,0.92625
Static-Label,27,0.55036,4.61,0.92625,1.96896,0.93997,0.0,24.90909,0.55218,4.61,0.92625
Static-Label,28,0.55523,4.61,0.92625,1.90429,0.94179,0.0,24.58125,0.56081,4.61,0.92625
Static-Label,29,0.55258,4.61,0.92625,1.89153,0.94005,0.0,24.45861,0.56907,4.61,0.92625
Best-Static,0,0.89146,5.574,1.2422,10.88035,0.98519,0.0,2.6878,0.89652,5.598,1.24116
Best-Static,1,0.84606,5.3795,1.23091,14.8426,0.96861,0.0,5.20343,0.84657,5.42,1.22909
Best-Static,2,0.88719,5.52067,1.24454,10.80226,0.98563,0.0,2.99793,0.88003,5.358,1.25196
Best-Static,3,0.84643,5.339,1.2327,14.8399,0.96808,0.0,5.01183,0.83216,5.4005,1.23087
Best-Static,4,0.8741,5.454,1.24752,10.59781,0.98675,0.0,4.10499,0.86184,5.278,1.25578
Best-Static,5,0.86862,5.34733,1.25246,10.69779,0.987,0.0,4.45737,0.85998,5.366,1.25158
Best-Static,6,0.89036,5.55533,1.24301,11.00978,0.98531,0.0,2.75206,0.89173,5.614,1.24047
Best-Static,7,0.87643,5.39267,1.25034,10.81587,0.98653,0.0,3.73347,0.89223,5.542,1.24359
Best-Static,8,0.864,5.33133,1.25322,10.92232,0.9872,0.0,4.76737,0.85886,5.35,1.25234
Best-Static,9,0.884,5.486,1.24608,11.07962,0.98594,0.0,3.20637,0.88699,5.494,1.24572
Best-Static,10,0.87919,5.48867,1.24596,10.55694,0.98638,0.0,3.69957,0.86111,5.47,1.2468
Best-Static,11,0.86495,5.33133,1.25322,11.08997,0.98715,0.0,4.71134,0.85329,5.35,1.25234
Best-Static,12,0.87631,5.45133,1.24765,10.89969,0.98658,0.0,3.91585,0.8634,5.334,1.25309
Best-Static,13,0.84575,5.3745,1.23115,13.98112,0.96846,0.0,5.18964,0.84627,5.432,1.22858
Best-Static,14,0.84923,5.3595,1.2316,14.84699,0.96905,0.0,4.96697,0.83862,5.426,1.22933
Best-Static,15,0.87432,5.44333,1.24801,10.82862,0.98673,0.0,4.07883,0.88097,5.47,1.2468
Best-Static,16,0.88983,5.526,1.2443,10.91618,0.98534,0.0,2.78534,0.89362,5.454,1.24752
Best-Static,17,0.84718,5.396,1.23011,15.07494,0.96912,0.0,5.24269,0.8511,5.348,1.232
Best-Static,18,0.87714,5.51,1.24501,10.42642,0.98656,0.0,3.94172,0.89358,5.598,1.24116
Best-Static,19,0.85509,5.317,1.23316,14.29511,0.96986,0.0,4.50356,0.84066,5.4215,1.2294
Best-Static,20,0.84862,5.323,1.23329,14.38156,0.96833,0.0,4.83725,0.85712,5.3015,1.23374
Best-Static,21,0.8492,5.352,1.23194,15.26434,0.96892,0.0,4.94585,0.84109,5.4035,1.23016
Best-Static,22,0.8928,5.57933,1.24196,11.09836,0.98504,0.0,2.6006,0.88341,5.534,1.24395
Best-Static,23,0.89312,5.52867,1.24418,11.34018,0.98495,0.0,2.48815,0.89528,5.558,1.24289
Best-Static,24,0.88897,5.542,1.24359,10.79644,0.98546,0.0,2.82951,0.89326,5.55,1.24324
Best-Static,25,0.84652,5.3615,1.23168,14.59412,0.96844,0.0,5.1179,0.8467,5.363,1.23161
Best-Static,26,0.88128,5.43,1.24862,10.87287,0.98616,0.0,3.38555,0.87869,5.43,1.24862
Best-Static,27,0.88179,5.49133,1.24584,10.96151,0.98615,0.0,3.4305,0.85814,5.286,1.25539
Best-Static,28,0.88126,5.42733,1.24874,10.60148,0.98616,0.0,3.41055,0.89992,5.502,1.24537
Best-Static,29,0.84989,5.326,1.23307,14.42928,0.96868,0.0,4.76567,0.86026,5.216,1.23753
Heuristic,0,0.56351,4.6493,0.94139,2.0411,0.94713,0.4,24.35761,0.56358,4.6448,0.94035
Heuristic,1,0.55836,4.6454,0.94071,2.03016,0.94439,0.45,24.59026,0.55478,4.6463,0.93959
Heuristic,2,0.56575,4.65235,0.94175,2.04523,0.94792,0.45,24.14957,0.57615,4.655,0.94344
Heuristic,3,0.56278,4.649,0.94126,2.10739,0.94586,0.41667,24.03272,0.54494,4.6421,0.93772
Heuristic,4,0.56171,4.6482,0.94065,1.99947,0.94587,0.36667,24.51516,0.57024,4.6529,0.94251
Heuristic,5,0.56858,4.65157,0.94247,2.04206,0.94822,0.35,24.06328,0.55993,4.6487,0.94065
Heuristic,6,0.56411,4.6491,0.94105,2.09775,0.94745,0.38333,24.39081,0.55982,4.6484,0.94052
Heuristic,7,0.56954,4.64767,0.94277,2.08715,0.94911,0.48333,23.90329,0.56714,4.6514,0.94185
Heuristic,8,0.56647,4.6493,0.94218,2.09774,0.94722,0.5,23.81814,0.56031,4.6481,0.94038
Heuristic,9,0.56662,4.6513,0.94203,2.10252,0.94827,0.46667,24.2101,0.56788,4.6517,0.94198
Heuristic,10,0.5629,4.64985,0.94162,1.97437,0.94642,0.4,24.53286,0.55053,4.6445,0.93879
Heuristic,11,0.56724,4.6497,0.94236,2.11486,0.94746,0.45,23.88635,0.55477,4.6409,0.93862
Heuristic,12,0.56408,4.65015,0.94147,2.06077,0.9468,0.43333,24.23207,0.56487,4.64765,0.9409
Heuristic,13,0.55857,4.64785,0.94024,2.02362,0.94403,0.38333,24.36579,0.55336,4.6457,0.93932
Heuristic,14,0.56209,4.64078,0.94142,2.02135,0.94586,0.43333,24.27768,0.54707,4.64045,0.93771
Heuristic,15,0.56285,4.6485,0.94079,2.03992,0.9465,0.41667,24.3034,0.56567,4.6508,0.94158
Heuristic,16,0.56656,4.64755,0.942,2.03276,0.94843,0.4,24.28638,0.57622,4.65245,0.94302
Heuristic,17,0.55789,4.64815,0.94039,2.0304,0.94356,0.41667,24.54756,0.56555,4.6505,0.94145
Heuristic,18,0.55895,4.64715,0.94068,1.9718,0.945,0.41667,24.61541,0.56206,4.64675,0.9405
Heuristic,19,0.5721,4.653,0.94278,2.02436,0.94965,0.41667,23.75594,0.54851,4.6385,0.93756
Heuristic,20,0.56619,4.64892,0.94214,2.0317,0.94788,0.45,24.11783,0.57471,4.65185,0.94276
Heuristic,21,0.5638,4.64807,0.94178,2.12011,0.94585,0.45,24.18601,0.55194,4.6451,0.93905
Heuristic,22,0.56397,4.6498,0.94136,2.08421,0.94742,0.4,24.48901,0.56104,4.6484,0.94052
Heuristic,23,0.56883,4.6511,0.94194,2.11419,0.94935,0.36667,24.11164,0.56721,4.64885,0.94143
Heuristic,24,0.56459,4.6502,0.94129,2.03607,0.94747,0.4,24.17274,0.56647,4.64855,0.9413
Heuristic,25,0.56106,4.65007,0.94123,2.04683,0.9455,0.45,24.42388,0.56054,4.6487,0.94065
Heuristic,26,0.56968,4.6481,0.94291,2.03192,0.94923,0.46667,24.15712,0.56788,4.6517,0.94198
Heuristic,27,0.56421,4.6499,0.94141,2.06548,0.94721,0.38333,24.37775,0.5664,4.6511,0.94171
Heuristic,28,0.56948,4.64432,0.943,2.02951,0.94941,0.5,24.01107,0.57622,4.65245,0.94302
Heuristic,29,0.56688,4.6509,0.94185,2.00952,0.94761,0.4,23.863,0.58627,4.65635,0.94475
LinUCB-Orig,0,0.61271,3.6345,1.30938,18.00466,0.99466,17.98333,16.34646,0.63675,3.79605,1.29999
LinUCB-Orig,1,0.47266,2.66397,1.38865,17.69725,0.98126,9.03333,21.3422,0.66727,4.10015,1.28062
LinUCB-Orig,2,0.61263,3.60577,1.31579,17.68246,0.99208,13.25,16.1709,0.65596,3.80185,1.31517
LinUCB-Orig,3,0.62348,3.68858,1.31429,18.48734,0.99057,15.46667,16.07754,0.61206,3.7443,1.30575
LinUCB-Orig,4,0.60501,3.58077,1.3152,17.5511,0.99212,13.48333,16.63928,0.64029,3.7585,1.31015
LinUCB-Orig,5,0.63289,3.71923,1.31205,17.90874,0.99238,15.68333,15.80681,0.62352,3.70715,1.31352
LinUCB-Orig,6,0.61441,3.62337,1.31511,17.89763,0.99273,14.01667,15.97196,0.65241,3.91515,1.30136
LinUCB-Orig,7,0.62486,3.65103,1.31668,17.88387,0.99204,13.48333,15.57392,0.652,3.8635,1.30358
LinUCB-Orig,8,0.61637,3.60648,1.32161,17.86515,0.98953,14.83333,16.21905,0.62648,3.71925,1.31402
LinUCB-Orig,9,0.61322,3.60038,1.31709,18.10287,0.99495,14.55,16.19789,0.67076,3.9834,1.29929
LinUCB-Orig,10,0.5924,3.493,1.31917,17.46195,0.99272,14.06667,17.39378,0.60505,3.6806,1.30196
LinUCB-Orig,11,0.64392,3.79593,1.31033,18.0508,0.98849,12.53333,14.96551,0.67286,4.0871,1.29267
LinUCB-Orig,12,0.63428,3.76463,1.30766,17.93192,0.99088,13.83333,15.31285,0.65873,3.92005,1.30089
LinUCB-Orig,13,0.6149,3.67442,1.30927,17.33723,0.99384,18.2,16.34169,0.62398,3.78205,1.30107
LinUCB-Orig,14,0.61537,3.63337,1.31642,17.67357,0.99123,15.4,16.24352,0.63552,3.89945,1.29631
LinUCB-Orig,15,0.62807,3.74628,1.30263,17.59576,0.99274,13.18333,15.87002,0.63097,3.7225,1.3122
LinUCB-Orig,16,0.61883,3.63498,1.31552,17.95092,0.99348,13.51667,15.86791,0.6444,3.73385,1.31404
LinUCB-Orig,17,0.54189,3.16242,1.34255,17.62555,0.99025,11.95,18.96146,0.67676,4.0696,1.28738
LinUCB-Orig,18,0.56395,3.31677,1.32978,16.60327,0.99089,15.05,17.84896,0.66142,3.97975,1.29227
LinUCB-Orig,19,0.61554,3.56555,1.32375,17.1983,0.9904,13.63333,16.10227,0.59613,3.6018,1.31223
LinUCB-Orig,20,0.60329,3.54198,1.3176,17.65046,0.99452,16.51667,16.45208,0.63747,3.69105,1.31793
LinUCB-Orig,21,0.51595,2.93888,1.36307,18.16037,0.98859,11.56667,20.01201,0.64654,3.95365,1.29237
LinUCB-Orig,22,0.56359,3.27818,1.33434,17.94395,0.99345,16.05,17.82139,0.68113,4.12955,1.28529
LinUCB-Orig,23,0.63796,3.74658,1.31144,18.42509,0.99331,13.73333,15.34423,0.6312,3.70185,1.31566
LinUCB-Orig,24,0.63457,3.76625,1.30627,17.63312,0.99341,12.11667,15.22924,0.65872,3.9167,1.29912
LinUCB-Orig,25,0.35143,1.76508,1.5532,18.23795,0.94841,0.7,25.93512,0.34679,1.721,1.57195
LinUCB-Orig,26,0.59542,3.45915,1.32425,18.03368,0.99418,15.7,16.94478,0.62846,3.70095,1.31025
LinUCB-Orig,27,0.64359,3.81947,1.30733,18.03199,0.98225,8.65,14.94033,0.58335,3.3842,1.33296
LinUCB-Orig,28,0.6118,3.57115,1.31751,17.5168,0.99349,19.11667,16.23006,0.63112,3.6613,1.31247
LinUCB-Orig,29,0.39613,2.0602,1.48579,17.63848,0.96053,3.66667,23.90014,0.49267,2.6377,1.4015
LinUCB-Perf,0,0.75918,4.99358,1.18082,13.24782,0.99073,4.36667,12.50157,0.75502,5.1826,1.12906
LinUCB-Perf,1,0.77747,4.98852,1.21978,14.76823,0.9954,5.06667,10.46588,0.82783,5.3731,1.21238
LinUCB-Perf,2,0.7094,4.91182,1.11849,14.83065,0.97876,21.26667,10.72486,0.72618,4.96095,1.11577
LinUCB-Perf,3,0.8213,5.17227,1.23467,13.68724,0.99273,1.5,8.73113,0.82252,5.31185,1.23691
LinUCB-Perf,4,0.8242,5.1845,1.23745,15.49006,0.98609,3.03333,7.14453,0.86418,5.3138,1.25071
LinUCB-Perf,5,0.78808,5.10615,1.19001,12.62574,0.98818,2.85,10.83911,0.81347,5.42285,1.17148
LinUCB-Perf,6,0.82651,5.18927,1.23527,13.85874,0.99309,2.85,7.81246,0.88493,5.5717,1.24035
LinUCB-Perf,7,0.70927,4.83252,1.12916,14.95929,0.97707,18.91667,10.53002,0.71705,4.92475,1.1247
LinUCB-Perf,8,0.7005,4.83422,1.12055,14.88333,0.98014,25.91667,11.61056,0.68384,4.78265,1.11542
LinUCB-Perf,9,0.78857,5.12465,1.18994,13.31213,0.9866,3.08333,10.11013,0.81716,5.3948,1.16876
LinUCB-Perf,10,0.84329,5.23722,1.25245,13.57426,0.98995,2.4,6.01345,0.85872,5.4497,1.24797
LinUCB-Perf,11,0.784,4.94333,1.22508,16.39225,0.99156,6.11667,9.05729,0.80945,5.03565,1.26216
LinUCB-Perf,12,0.70698,4.88443,1.12338,15.3607,0.97948,26.53333,11.16261,0.7303,5.0083,1.12885
LinUCB-Perf,13,0.70441,4.88612,1.12791,14.31272,0.97953,28.9,11.7748,0.70221,4.92445,1.12451
LinUCB-Perf,14,0.71791,4.80345,1.16169,14.90282,0.97975,8.76667,10.37079,0.71492,4.9783,1.14225
LinUCB-Perf,15,0.70848,4.94157,1.11398,15.32126,0.97957,24.01667,11.16223,0.7234,4.9339,1.13505
LinUCB-Perf,16,0.75309,4.91425,1.18418,15.78608,0.99512,15.8,10.40448,0.77352,4.91095,1.19927
LinUCB-Perf,17,0.69863,5.04662,1.08464,15.05215,0.98191,20.15,11.90848,0.74108,5.1225,1.11998
LinUCB-Perf,18,0.78655,5.10492,1.20502,13.87433,0.9915,2.8,10.04225,0.8148,5.41265,1.17049
LinUCB-Perf,19,0.7121,4.87055,1.12107,14.63499,0.97799,23.15,10.48756,0.71885,5.0191,1.13555
LinUCB-Perf,20,0.74218,4.79608,1.1971,16.44322,0.99542,18.0,10.83227,0.75431,4.7237,1.21856
LinUCB-Perf,21,0.70616,4.88858,1.12154,14.95951,0.97875,27.5,11.33086,0.71791,4.98485,1.13818
LinUCB-Perf,22,0.83939,5.26245,1.23797,14.44216,0.98478,3.36667,6.13198,0.89664,5.62715,1.24167
LinUCB-Perf,23,0.8627,5.33098,1.24637,14.27748,0.98174,1.8,4.43071,0.89828,5.5607,1.24644
LinUCB-Perf,24,0.81224,5.24558,1.20047,13.06678,0.99104,2.18333,8.38829,0.80723,5.35715,1.16395
LinUCB-Perf,25,0.7401,4.9814,1.15901,15.05773,0.98837,2.25,12.62049,0.72019,5.16575,1.08758
LinUCB-Perf,26,0.69569,4.73273,1.13089,14.74979,0.97578,17.11667,11.66751,0.71022,4.78815,1.14451
LinUCB-Perf,27,0.71835,4.99888,1.11492,14.74378,0.98122,27.45,10.16347,0.73886,5.03065,1.13576
LinUCB-Perf,28,0.69291,4.58018,1.16345,14.20252,0.97621,13.43333,11.62924,0.71795,4.7804,1.14352
LinUCB-Perf,29,0.82064,5.07425,1.24972,13.93457,0.99457,2.15,7.84309,0.85056,5.1651,1.23564
LinUCB-Perf+IPC,0,0.83072,5.31943,1.21295,12.40361,0.99758,1.41667,10.5613,0.84212,5.3311,1.22422
LinUCB-Perf+IPC,1,0.84132,5.38283,1.22326,10.58907,0.99618,2.03333,9.22465,0.84956,5.44725,1.22727
LinUCB-Perf+IPC,2,0.83384,5.32332,1.21306,11.88528,0.9967,1.1,10.40211,0.86363,5.3921,1.22087
LinUCB-Perf+IPC,3,0.83956,5.35162,1.21981,9.08268,0.99408,0.83333,9.41118,0.82451,5.402,1.21921
LinUCB-Perf+IPC,4,0.82625,5.2769,1.21881,13.13549,0.99664,1.61667,10.01624,0.8498,5.35485,1.22047
LinUCB-Perf+IPC,5,0.8143,5.17885,1.21233,15.29685,0.99672,3.4,8.66347,0.80718,5.2233,1.20684
LinUCB-Perf+IPC,6,0.82715,5.33318,1.20286,14.48123,0.99655,0.63333,11.17639,0.83694,5.3831,1.21419
LinUCB-Perf+IPC,7,0.81419,5.22142,1.19964,16.03834,0.99768,3.4,10.1497,0.8183,5.2529,1.20333
LinUCB-Perf+IPC,8,0.81496,5.25478,1.1993,15.85743,0.99734,4.35,9.76466,0.81397,5.27935,1.20276
LinUCB-Perf+IPC,9,0.84611,5.35373,1.22214,10.28292,0.99762,1.71667,9.10968,0.85632,5.37465,1.22935
LinUCB-Perf+IPC,10,0.84002,5.3219,1.22776,11.40829,0.9976,2.21667,9.16142,0.81862,5.28355,1.22711
LinUCB-Perf+IPC,11,0.80859,5.1856,1.20447,15.87851,0.9967,3.63333,9.59008,0.80643,5.2761,1.20014
LinUCB-Perf+IPC,12,0.81248,5.26745,1.19715,16.37362,0.99737,3.46667,10.14137,0.81977,5.3041,1.19649
LinUCB-Perf+IPC,13,0.82614,5.29243,1.22126,11.23198,0.99506,1.9,9.96734,0.80731,5.1754,1.23013
LinUCB-Perf+IPC,14,0.84493,5.35165,1.22716,11.55229,0.99784,3.18333,8.48347,0.82935,5.3803,1.22608
LinUCB-Perf+IPC,15,0.81324,5.26472,1.20021,15.81871,0.99746,3.73333,9.7612,0.82437,5.3196,1.19968
LinUCB-Perf+IPC,16,0.8392,5.31698,1.21964,9.95559,0.99757,2.15,9.93803,0.86239,5.36975,1.22283
LinUCB-Perf+IPC,17,0.81091,5.31383,1.19565,16.2094,0.99759,2.38333,10.22734,0.82782,5.3266,1.20313
LinUCB-Perf+IPC,18,0.83749,5.37227,1.2192,9.43453,0.99584,1.53333,9.77384,0.84529,5.38785,1.21988
LinUCB-Perf+IPC,19,0.81569,5.20432,1.2018,15.15903,0.9973,8.26667,9.60853,0.80409,5.32775,1.19661
LinUCB-Perf+IPC,20,0.80329,5.25307,1.18294,14.7983,0.9939,0.55,12.72705,0.79827,5.2172,1.1676
LinUCB-Perf+IPC,21,0.81083,5.26305,1.19615,16.43387,0.9973,3.63333,10.25907,0.81244,5.34455,1.20135
LinUCB-Perf+IPC,22,0.83447,5.30633,1.22054,9.20936,0.99725,1.68333,10.66139,0.83694,5.3257,1.22459
LinUCB-Perf+IPC,23,0.84309,5.33297,1.21758,12.04338,0.99806,2.2,9.60289,0.85335,5.35735,1.22905
LinUCB-Perf+IPC,24,0.82472,5.29895,1.20664,15.60663,0.99742,2.63333,8.48949,0.82829,5.29295,1.2088
LinUCB-Perf+IPC,25,0.84246,5.36605,1.22474,11.19187,0.99624,2.2,8.88887,0.85884,5.44855,1.22965
LinUCB-Perf+IPC,26,0.8535,5.37018,1.22272,10.52051,0.99795,1.45,8.64285,0.86168,5.4265,1.22523
LinUCB-Perf+IPC,27,0.82591,5.34307,1.19928,16.42426,0.99782,2.38333,9.03988,0.82351,5.3084,1.19964
LinUCB-Perf+IPC,28,0.84898,5.36815,1.21627,11.80302,0.9958,0.88333,8.8684,0.86883,5.4095,1.2229
LinUCB-Perf+IPC,29,0.79112,5.19833,1.17601,15.8411,0.99299,0.91667,13.23755,0.82095,5.24,1.17557
